{"tgt_stids":"","data":{"poilist":[{"id":287415915531528,"mt_poi_id":74388491,"name":"汕头辉记肠粉王","support_coupon":0,"is_favorite":0,"sort_reason_type":0,"sort_reason_tag":"","delivery_type":1,"mt_delivery_time":"40分钟","status":1,"origin_status":0,"status_desc":"","pic_url":"http://p1.meituan.net/waimaipoi/c785c510fb969e6b4ec97ec1231fe497228143.jpg","pic_url_square":"","avg_delivery_time":40,"shipping_fee":8.0,"shipping_fee_discount":0,"min_price":20.0,"new_promotion":0,"discounts2":[{"id":-3,"type":99,"info":"由美团专送提供高品质送餐服务","icon_url":"http://p0.meituan.net/xianfu/51639e2e7a51c71d967acc44a060e3092048.png","use_icon_from_server":1,"display_code":1,"sequence":49}],"shipping_time_info":{"in_shipping_time":1,"beg_shipping_time":"","status_content":"","desc_content":"","reservation_status":0},"month_sale_num":2437,"wm_poi_score":4.5,"shipping_time_x":"","pre_book":0,"brand_type":100009108,"sales":0,"priority":0,"wm_poi_opening_days":0,"buz_type":0,"across_book_offset_days":0,"across_book_max_days":0,"latitude":0,"longitude":0,"primitiveDistance":1.7976931348623157E308,"distance":"578m","poi_type_icon":"http://p1.meituan.net/aichequan/a88918ba8699e15a5d16d5d7e09ad0022192.png","ad_attr":"","shipping_fee_tip":"配送 ¥8(夜间价)","min_price_tip":"起送 ¥20","average_price_tip":"人均 ¥24","recommend_info":{"icon":"","recommend_reason":""},"support_pay":0,"invoice_support":0,"invoice_min_price":0,"charge_info":"","ad_type":0,"wm_poi_view_id":"287415915531528"},{"id":396589689271672,"mt_poi_id":155801755,"name":"个斑马音乐烧烤吧（南头街店）","support_coupon":0,"is_favorite":0,"sort_reason_type":0,"sort_reason_tag":"","delivery_type":0,"mt_delivery_time":"52分钟","status":1,"origin_status":0,"status_desc":"","pic_url":"http://p1.meituan.net/xianfu/78b936e6beadfab3311bb2425b517d6b124735.png","pic_url_square":"","avg_delivery_time":52,"shipping_fee":6.0,"shipping_fee_discount":0,"min_price":30.0,"new_promotion":0,"discounts2":[{"id":103,"type":24,"info":"有机会领取商家代金券","icon_url":"http://p0.meituan.net/xianfu/c2c0f31d0ebf0f60af115d058169c492992.png","use_icon_from_server":1,"display_code":2,"sequence":6},{"id":100,"type":20,"info":"实际支付10元返10元商家代金券","icon_url":"http://p0.meituan.net/xianfu/652eea4034250563fe11b02e3219ba8d981.png","use_icon_from_server":1,"display_code":2,"sequence":7}],"shipping_time_info":{"in_shipping_time":1,"beg_shipping_time":"","status_content":"","desc_content":"","reservation_status":0},"month_sale_num":821,"wm_poi_score":4.2,"shipping_time_x":"","pre_book":0,"brand_type":100006041,"sales":0,"priority":0,"wm_poi_opening_days":0,"buz_type":0,"across_book_offset_days":0,"across_book_max_days":0,"latitude":0,"longitude":0,"primitiveDistance":1.7976931348623157E308,"distance":"1000m","poi_type_icon":"http://p1.meituan.net/aichequan/a88918ba8699e15a5d16d5d7e09ad0022192.png","ad_attr":"","shipping_fee_tip":"配送 ¥6","min_price_tip":"起送 ¥30","average_price_tip":"人均 ¥33","recommend_info":{"icon":"","recommend_reason":""},"support_pay":0,"invoice_support":0,"invoice_min_price":0,"charge_info":"","ad_type":0,"wm_poi_view_id":"396589689271672"},{"id":356981500828690,"mt_poi_id":159056328,"name":"窑鸡王（欢乐颂店）","support_coupon":0,"is_favorite":0,"sort_reason_type":0,"sort_reason_tag":"","delivery_type":0,"mt_delivery_time":"37分钟","status":1,"origin_status":0,"status_desc":"","pic_url":"http://p0.meituan.net/xianfu/cb79a6e45949265a8d1a86e05dc1f52764905.jpg","pic_url_square":"","avg_delivery_time":37,"shipping_fee":6.0,"shipping_fee_discount":0,"min_price":0.0,"new_promotion":0,"discounts2":[{"id":100,"type":20,"info":"实际支付50元返6元商家代金券","icon_url":"http://p0.meituan.net/xianfu/652eea4034250563fe11b02e3219ba8d981.png","use_icon_from_server":1,"display_code":2,"sequence":7},{"id":-2,"type":11,"info":"本店支持开发票，开票金额10元起","icon_url":"http://p0.meituan.net/xianfu/476ba65ee80b6385bab292c085baed17940.png","use_icon_from_server":1,"display_code":2,"sequence":52}],"shipping_time_info":{"in_shipping_time":1,"beg_shipping_time":"","status_content":"","desc_content":"","reservation_status":0},"month_sale_num":982,"wm_poi_score":4.5,"shipping_time_x":"","pre_book":0,"brand_type":18948,"sales":0,"priority":0,"wm_poi_opening_days":0,"buz_type":0,"across_book_offset_days":0,"across_book_max_days":0,"latitude":0,"longitude":0,"primitiveDistance":1.7976931348623157E308,"distance":"1.1km","poi_type_icon":"http://p1.meituan.net/aichequan/a88918ba8699e15a5d16d5d7e09ad0022192.png","ad_attr":"","shipping_fee_tip":"配送 ¥6","min_price_tip":"起送 ¥0","average_price_tip":"人均 ¥73","recommend_info":{"icon":"","recommend_reason":""},"support_pay":0,"invoice_support":0,"invoice_min_price":0,"charge_info":"","ad_type":0,"wm_poi_view_id":"356981500828690"},{"id":507837932150418,"mt_poi_id":5666287,"name":"香港新君豪烧腊茶餐厅","support_coupon":0,"is_favorite":0,"sort_reason_type":0,"sort_reason_tag":"","delivery_type":0,"mt_delivery_time":"40分钟","status":1,"origin_status":0,"status_desc":"","pic_url":"http://p0.meituan.net/xianfu/f94e3731fa636348e8278825c9868e8e129585.jpg","pic_url_square":"","avg_delivery_time":40,"shipping_fee":5.0,"shipping_fee_discount":0,"min_price":20.0,"new_promotion":0,"discounts2":[{"id":100,"type":20,"info":"实际支付88元返5元商家代金券","icon_url":"http://p0.meituan.net/xianfu/652eea4034250563fe11b02e3219ba8d981.png","use_icon_from_server":1,"display_code":2,"sequence":7}],"shipping_time_info":{"in_shipping_time":1,"beg_shipping_time":"","status_content":"","desc_content":"","reservation_status":0},"month_sale_num":4270,"wm_poi_score":4.3,"shipping_time_x":"","pre_book":0,"brand_type":0,"sales":0,"priority":0,"wm_poi_opening_days":0,"buz_type":0,"across_book_offset_days":0,"across_book_max_days":0,"latitude":0,"longitude":0,"primitiveDistance":1.7976931348623157E308,"distance":"772m","poi_type_icon":"","ad_attr":"","shipping_fee_tip":"配送 ¥5","min_price_tip":"起送 ¥20","average_price_tip":"人均 ¥28","recommend_info":{"icon":"","recommend_reason":""},"support_pay":0,"invoice_support":0,"invoice_min_price":0,"charge_info":"","ad_type":0,"wm_poi_view_id":"507837932150418"},{"id":372877174803638,"mt_poi_id":91600618,"name":"茶点鲜（第八分店）","support_coupon":0,"is_favorite":0,"sort_reason_type":0,"sort_reason_tag":"","delivery_type":0,"mt_delivery_time":"40分钟","status":1,"origin_status":0,"status_desc":"","pic_url":"http://p1.meituan.net/xianfu/4bd3295e4ed3c27795d4c2cdb702ad1c117749.jpg","pic_url_square":"","avg_delivery_time":40,"shipping_fee":4.0,"shipping_fee_discount":0,"min_price":20.0,"new_promotion":0,"discounts2":[],"shipping_time_info":{"in_shipping_time":1,"beg_shipping_time":"","status_content":"","desc_content":"","reservation_status":0},"month_sale_num":1255,"wm_poi_score":4.2,"shipping_time_x":"","pre_book":0,"brand_type":100006035,"sales":0,"priority":0,"wm_poi_opening_days":0,"buz_type":0,"across_book_offset_days":0,"across_book_max_days":0,"latitude":0,"longitude":0,"primitiveDistance":1.7976931348623157E308,"distance":"824m","poi_type_icon":"http://p1.meituan.net/aichequan/a88918ba8699e15a5d16d5d7e09ad0022192.png","ad_attr":"","shipping_fee_tip":"配送 ¥4","min_price_tip":"起送 ¥20","average_price_tip":"人均 ¥27","recommend_info":{"icon":"","recommend_reason":""},"support_pay":0,"invoice_support":0,"invoice_min_price":0,"charge_info":"","ad_type":0,"wm_poi_view_id":"372877174803638"},{"id":401009210571454,"mt_poi_id":1780950,"name":"金稻园(南头店)","support_coupon":0,"is_favorite":0,"sort_reason_type":0,"sort_reason_tag":"","delivery_type":1,"mt_delivery_time":"40分钟","status":1,"origin_status":0,"status_desc":"","pic_url":"http://p1.meituan.net/xianfu/afd11cd03e9ed30f059424d3c9ffc7d0203057.png","pic_url_square":"","avg_delivery_time":40,"shipping_fee":8.0,"shipping_fee_discount":0,"min_price":39.0,"new_promotion":0,"discounts2":[{"id":100,"type":20,"info":"实际支付100元返2元商家代金券","icon_url":"http://p0.meituan.net/xianfu/652eea4034250563fe11b02e3219ba8d981.png","use_icon_from_server":1,"display_code":2,"sequence":7},{"id":-3,"type":99,"info":"由美团专送提供高品质送餐服务","icon_url":"http://p0.meituan.net/xianfu/51639e2e7a51c71d967acc44a060e3092048.png","use_icon_from_server":1,"display_code":1,"sequence":49}],"shipping_time_info":{"in_shipping_time":1,"beg_shipping_time":"","status_content":"","desc_content":"","reservation_status":0},"month_sale_num":462,"wm_poi_score":4.8,"shipping_time_x":"","pre_book":0,"brand_type":27765,"sales":0,"priority":0,"wm_poi_opening_days":0,"buz_type":0,"across_book_offset_days":0,"across_book_max_days":0,"latitude":0,"longitude":0,"primitiveDistance":1.7976931348623157E308,"distance":"712m","poi_type_icon":"http://p1.meituan.net/aichequan/a88918ba8699e15a5d16d5d7e09ad0022192.png","ad_attr":"","shipping_fee_tip":"配送 ¥8(夜间价)","min_price_tip":"起送 ¥39","average_price_tip":"人均 ¥66","recommend_info":{"icon":"","recommend_reason":""},"support_pay":0,"invoice_support":0,"invoice_min_price":0,"charge_info":"","ad_type":0,"wm_poi_view_id":"401009210571454"},{"id":517368464565046,"mt_poi_id":155424316,"name":"蜜哆哆炸鸡（深圳总店）","support_coupon":0,"is_favorite":0,"sort_reason_type":0,"sort_reason_tag":"","delivery_type":0,"mt_delivery_time":"40分钟","status":1,"origin_status":0,"status_desc":"","pic_url":"http://p1.meituan.net/xianfu/1ac87394fe83e4a55a1c2cb9784fd0a7283222.jpg","pic_url_square":"","avg_delivery_time":40,"shipping_fee":5.0,"shipping_fee_discount":0,"min_price":0.0,"new_promotion":0,"discounts2":[{"id":100,"type":20,"info":"实际支付65元返5元商家代金券","icon_url":"http://p0.meituan.net/xianfu/652eea4034250563fe11b02e3219ba8d981.png","use_icon_from_server":1,"display_code":2,"sequence":7}],"shipping_time_info":{"in_shipping_time":1,"beg_shipping_time":"","status_content":"","desc_content":"","reservation_status":0},"month_sale_num":2955,"wm_poi_score":4.6,"shipping_time_x":"","pre_book":0,"brand_type":0,"sales":0,"priority":0,"wm_poi_opening_days":0,"buz_type":0,"across_book_offset_days":0,"across_book_max_days":0,"latitude":0,"longitude":0,"primitiveDistance":1.7976931348623157E308,"distance":"232m","poi_type_icon":"","ad_attr":"","shipping_fee_tip":"配送 ¥5","min_price_tip":"起送 ¥0","average_price_tip":"人均 ¥21","recommend_info":{"icon":"","recommend_reason":""},"support_pay":0,"invoice_support":0,"invoice_min_price":0,"charge_info":"","ad_type":0,"wm_poi_view_id":"517368464565046"},{"id":387737761648069,"mt_poi_id":159842679,"name":"大有利茶餐厅（南山店）","support_coupon":0,"is_favorite":0,"sort_reason_type":0,"sort_reason_tag":"","delivery_type":1,"mt_delivery_time":"40分钟","status":1,"origin_status":0,"status_desc":"","pic_url":"http://p0.meituan.net/xianfu/799839cb39ae79ec86edd6325978477c23526.jpg","pic_url_square":"","avg_delivery_time":40,"shipping_fee":9.0,"shipping_fee_discount":0,"min_price":25.0,"new_promotion":0,"discounts2":[{"id":-3,"type":99,"info":"由美团专送提供高品质送餐服务","icon_url":"http://p0.meituan.net/xianfu/51639e2e7a51c71d967acc44a060e3092048.png","use_icon_from_server":1,"display_code":1,"sequence":49}],"shipping_time_info":{"in_shipping_time":1,"beg_shipping_time":"","status_content":"","desc_content":"","reservation_status":0},"month_sale_num":1813,"wm_poi_score":4.7,"shipping_time_x":"","pre_book":0,"brand_type":29217,"sales":0,"priority":0,"wm_poi_opening_days":0,"buz_type":0,"across_book_offset_days":0,"across_book_max_days":0,"latitude":0,"longitude":0,"primitiveDistance":1.7976931348623157E308,"distance":"2.9km","poi_type_icon":"http://p1.meituan.net/aichequan/a88918ba8699e15a5d16d5d7e09ad0022192.png","ad_attr":"","shipping_fee_tip":"配送 ¥9(夜间价)","min_price_tip":"起送 ¥25","average_price_tip":"人均 ¥41","recommend_info":{"icon":"","recommend_reason":""},"support_pay":0,"invoice_support":0,"invoice_min_price":0,"charge_info":"","ad_type":0,"wm_poi_view_id":"387737761648069"},{"id":496885765520396,"mt_poi_id":160241536,"name":"半夜虾叫（桃园店）","support_coupon":0,"is_favorite":0,"sort_reason_type":0,"sort_reason_tag":"","delivery_type":0,"mt_delivery_time":"40分钟","status":1,"origin_status":0,"status_desc":"","pic_url":"http://p1.meituan.net/xianfu/719cde1531a3b05d359672f64fd2facf110786.png","pic_url_square":"","avg_delivery_time":40,"shipping_fee":6.0,"shipping_fee_discount":0,"min_price":0.0,"new_promotion":0,"discounts2":[],"shipping_time_info":{"in_shipping_time":1,"beg_shipping_time":"","status_content":"","desc_content":"","reservation_status":0},"month_sale_num":309,"wm_poi_score":4.7,"shipping_time_x":"","pre_book":0,"brand_type":28763,"sales":0,"priority":0,"wm_poi_opening_days":0,"buz_type":0,"across_book_offset_days":0,"across_book_max_days":0,"latitude":0,"longitude":0,"primitiveDistance":1.7976931348623157E308,"distance":"956m","poi_type_icon":"http://p1.meituan.net/aichequan/a88918ba8699e15a5d16d5d7e09ad0022192.png","ad_attr":"","shipping_fee_tip":"配送 ¥6","min_price_tip":"起送 ¥0","average_price_tip":"","recommend_info":{"icon":"","recommend_reason":""},"support_pay":0,"invoice_support":0,"invoice_min_price":0,"charge_info":"","ad_type":0,"wm_poi_view_id":"496885765520396"},{"id":338130889402842,"mt_poi_id":97002662,"name":"正新鸡排（学府店）","support_coupon":0,"is_favorite":0,"sort_reason_type":0,"sort_reason_tag":"","delivery_type":1,"mt_delivery_time":"40分钟","status":1,"origin_status":0,"status_desc":"","pic_url":"http://p1.meituan.net/xianfu/c16f2cb661a2e5cffb3572a4d438e27a19401.jpg","pic_url_square":"","avg_delivery_time":40,"shipping_fee":7.0,"shipping_fee_discount":0,"min_price":20.0,"new_promotion":0,"discounts2":[{"id":-3,"type":99,"info":"由美团专送提供高品质送餐服务","icon_url":"http://p0.meituan.net/xianfu/51639e2e7a51c71d967acc44a060e3092048.png","use_icon_from_server":1,"display_code":1,"sequence":49}],"shipping_time_info":{"in_shipping_time":1,"beg_shipping_time":"","status_content":"","desc_content":"","reservation_status":0},"month_sale_num":4190,"wm_poi_score":4.7,"shipping_time_x":"","pre_book":0,"brand_type":476,"sales":0,"priority":0,"wm_poi_opening_days":0,"buz_type":0,"across_book_offset_days":0,"across_book_max_days":0,"latitude":0,"longitude":0,"primitiveDistance":1.7976931348623157E308,"distance":"908m","poi_type_icon":"http://p1.meituan.net/aichequan/a88918ba8699e15a5d16d5d7e09ad0022192.png","ad_attr":"","shipping_fee_tip":"配送 ¥7(夜间价)","min_price_tip":"起送 ¥20","average_price_tip":"人均 ¥20","recommend_info":{"icon":"","recommend_reason":""},"support_pay":0,"invoice_support":0,"invoice_min_price":0,"charge_info":"","ad_type":0,"wm_poi_view_id":"338130889402842"},{"id":485607181395774,"mt_poi_id":163379406,"name":"港堡汉堡（南山店）","support_coupon":0,"is_favorite":0,"sort_reason_type":0,"sort_reason_tag":"","delivery_type":0,"mt_delivery_time":"40分钟","status":1,"origin_status":0,"status_desc":"","pic_url":"http://p1.meituan.net/xianfu/8a18bbf1f7b754f7a3f1b58ad019965a202844.png","pic_url_square":"","avg_delivery_time":40,"shipping_fee":5.0,"shipping_fee_discount":0,"min_price":15.0,"new_promotion":0,"discounts2":[],"shipping_time_info":{"in_shipping_time":1,"beg_shipping_time":"","status_content":"","desc_content":"","reservation_status":0},"month_sale_num":5606,"wm_poi_score":4.5,"shipping_time_x":"","pre_book":0,"brand_type":12319,"sales":0,"priority":0,"wm_poi_opening_days":0,"buz_type":0,"across_book_offset_days":0,"across_book_max_days":0,"latitude":0,"longitude":0,"primitiveDistance":1.7976931348623157E308,"distance":"229m","poi_type_icon":"http://p1.meituan.net/aichequan/a88918ba8699e15a5d16d5d7e09ad0022192.png","ad_attr":"","shipping_fee_tip":"配送 ¥5","min_price_tip":"起送 ¥15","average_price_tip":"人均 ¥20","recommend_info":{"icon":"","recommend_reason":""},"support_pay":0,"invoice_support":0,"invoice_min_price":0,"charge_info":"","ad_type":0,"wm_poi_view_id":"485607181395774"},{"id":395288314130005,"mt_poi_id":159641557,"name":"茅草屋烧烤（南园店）","support_coupon":0,"is_favorite":0,"sort_reason_type":0,"sort_reason_tag":"","delivery_type":1,"mt_delivery_time":"40分钟","status":1,"origin_status":0,"status_desc":"","pic_url":"http://p0.meituan.net/xianfu/639920dacf75351420653c9c69458b6938559.jpg","pic_url_square":"","avg_delivery_time":40,"shipping_fee":8.0,"shipping_fee_discount":0,"min_price":20.0,"new_promotion":0,"discounts2":[{"id":103,"type":24,"info":"有机会领取商家代金券","icon_url":"http://p0.meituan.net/xianfu/c2c0f31d0ebf0f60af115d058169c492992.png","use_icon_from_server":1,"display_code":2,"sequence":6},{"id":100,"type":20,"info":"实际支付5元返6元商家代金券","icon_url":"http://p0.meituan.net/xianfu/652eea4034250563fe11b02e3219ba8d981.png","use_icon_from_server":1,"display_code":2,"sequence":7},{"id":-3,"type":99,"info":"由美团专送提供高品质送餐服务","icon_url":"http://p0.meituan.net/xianfu/51639e2e7a51c71d967acc44a060e3092048.png","use_icon_from_server":1,"display_code":1,"sequence":49}],"shipping_time_info":{"in_shipping_time":1,"beg_shipping_time":"","status_content":"","desc_content":"","reservation_status":0},"month_sale_num":847,"wm_poi_score":4.4,"shipping_time_x":"","pre_book":0,"brand_type":100006024,"sales":0,"priority":0,"wm_poi_opening_days":0,"buz_type":0,"across_book_offset_days":0,"across_book_max_days":0,"latitude":0,"longitude":0,"primitiveDistance":1.7976931348623157E308,"distance":"1.8km","poi_type_icon":"http://p1.meituan.net/aichequan/a88918ba8699e15a5d16d5d7e09ad0022192.png","ad_attr":"","shipping_fee_tip":"配送 ¥8(夜间价)","min_price_tip":"起送 ¥20","average_price_tip":"人均 ¥29","recommend_info":{"icon":"","recommend_reason":""},"support_pay":0,"invoice_support":0,"invoice_min_price":0,"charge_info":"","ad_type":0,"wm_poi_view_id":"395288314130005"},{"id":500583732350491,"mt_poi_id":92511031,"name":"1點點(学府路店)","support_coupon":0,"is_favorite":0,"sort_reason_type":0,"sort_reason_tag":"","delivery_type":1,"mt_delivery_time":"45分钟","status":1,"origin_status":0,"status_desc":"","pic_url":"http://p1.meituan.net/xianfu/f5e4ca936f8320df719ac139c6e2a2b77068.jpeg","pic_url_square":"","avg_delivery_time":45,"shipping_fee":8.0,"shipping_fee_discount":0,"min_price":20.0,"new_promotion":0,"discounts2":[{"id":-3,"type":99,"info":"由美团专送提供高品质送餐服务","icon_url":"http://p0.meituan.net/xianfu/51639e2e7a51c71d967acc44a060e3092048.png","use_icon_from_server":1,"display_code":1,"sequence":49}],"shipping_time_info":{"in_shipping_time":1,"beg_shipping_time":"","status_content":"","desc_content":"","reservation_status":0},"month_sale_num":1887,"wm_poi_score":4.8,"shipping_time_x":"","pre_book":0,"brand_type":19008,"sales":0,"priority":0,"wm_poi_opening_days":0,"buz_type":0,"across_book_offset_days":0,"across_book_max_days":0,"latitude":0,"longitude":0,"primitiveDistance":1.7976931348623157E308,"distance":"979m","poi_type_icon":"http://p1.meituan.net/aichequan/a88918ba8699e15a5d16d5d7e09ad0022192.png","ad_attr":"","shipping_fee_tip":"配送 ¥8(夜间价)","min_price_tip":"起送 ¥20","average_price_tip":"人均 ¥16","recommend_info":{"icon":"","recommend_reason":""},"support_pay":0,"invoice_support":0,"invoice_min_price":0,"charge_info":"","ad_type":0,"wm_poi_view_id":"500583732350491"},{"id":334918253855424,"mt_poi_id":80146907,"name":"正宗重庆麻辣烫（向南分店）","support_coupon":0,"is_favorite":0,"sort_reason_type":0,"sort_reason_tag":"","delivery_type":0,"mt_delivery_time":"40分钟","status":1,"origin_status":0,"status_desc":"","pic_url":"http://p0.meituan.net/xianfu/4765021944af00ae2866886ba26ec56c196468.jpg","pic_url_square":"","avg_delivery_time":40,"shipping_fee":4.0,"shipping_fee_discount":0,"min_price":15.0,"new_promotion":0,"discounts2":[],"shipping_time_info":{"in_shipping_time":1,"beg_shipping_time":"","status_content":"","desc_content":"","reservation_status":0},"month_sale_num":8760,"wm_poi_score":4.3,"shipping_time_x":"","pre_book":0,"brand_type":0,"sales":0,"priority":0,"wm_poi_opening_days":0,"buz_type":0,"across_book_offset_days":0,"across_book_max_days":0,"latitude":0,"longitude":0,"primitiveDistance":1.7976931348623157E308,"distance":"928m","poi_type_icon":"","ad_attr":"","shipping_fee_tip":"配送 ¥4","min_price_tip":"起送 ¥15","average_price_tip":"人均 ¥18","recommend_info":{"icon":"","recommend_reason":""},"support_pay":0,"invoice_support":0,"invoice_min_price":0,"charge_info":"","ad_type":0,"wm_poi_view_id":"334918253855424"},{"id":294927813326035,"mt_poi_id":69834671,"name":"一品烧烤屋","support_coupon":0,"is_favorite":0,"sort_reason_type":0,"sort_reason_tag":"","delivery_type":0,"mt_delivery_time":"45分钟","status":1,"origin_status":0,"status_desc":"","pic_url":"http://p1.meituan.net/xianfu/ff6b62888dffa8af8e95dcf755bee787247160.jpg","pic_url_square":"","avg_delivery_time":45,"shipping_fee":7.0,"shipping_fee_discount":0,"min_price":56.0,"new_promotion":0,"discounts2":[],"shipping_time_info":{"in_shipping_time":1,"beg_shipping_time":"","status_content":"","desc_content":"","reservation_status":0},"month_sale_num":1014,"wm_poi_score":4.4,"shipping_time_x":"","pre_book":0,"brand_type":0,"sales":0,"priority":0,"wm_poi_opening_days":0,"buz_type":0,"across_book_offset_days":0,"across_book_max_days":0,"latitude":0,"longitude":0,"primitiveDistance":1.7976931348623157E308,"distance":"2.4km","poi_type_icon":"","ad_attr":"","shipping_fee_tip":"配送 ¥7","min_price_tip":"起送 ¥56","average_price_tip":"人均 ¥30","recommend_info":{"icon":"","recommend_reason":""},"support_pay":0,"invoice_support":0,"invoice_min_price":0,"charge_info":"","ad_type":0,"wm_poi_view_id":"294927813326035"},{"id":414667206574553,"mt_poi_id":165843131,"name":"食在湘厨（南山店）","support_coupon":0,"is_favorite":0,"sort_reason_type":0,"sort_reason_tag":"","delivery_type":0,"mt_delivery_time":"40分钟","status":1,"origin_status":0,"status_desc":"","pic_url":"http://p0.meituan.net/xianfu/523f614efcffbe7c05b58443d1a1a76341903.jpg","pic_url_square":"","avg_delivery_time":40,"shipping_fee":4.0,"shipping_fee_discount":0,"min_price":10.0,"new_promotion":0,"discounts2":[],"shipping_time_info":{"in_shipping_time":1,"beg_shipping_time":"","status_content":"","desc_content":"","reservation_status":0},"month_sale_num":1938,"wm_poi_score":4.5,"shipping_time_x":"","pre_book":0,"brand_type":0,"sales":0,"priority":0,"wm_poi_opening_days":0,"buz_type":0,"across_book_offset_days":0,"across_book_max_days":0,"latitude":0,"longitude":0,"primitiveDistance":1.7976931348623157E308,"distance":"986m","poi_type_icon":"","ad_attr":"","shipping_fee_tip":"配送 ¥4","min_price_tip":"起送 ¥10","average_price_tip":"人均 ¥21","recommend_info":{"icon":"","recommend_reason":""},"support_pay":0,"invoice_support":0,"invoice_min_price":0,"charge_info":"","ad_type":0,"wm_poi_view_id":"414667206574553"},{"id":485276468918040,"mt_poi_id":152558663,"name":"麻小二龙虾馆(南山桂庙店)","support_coupon":0,"is_favorite":0,"sort_reason_type":0,"sort_reason_tag":"","delivery_type":0,"mt_delivery_time":"47分钟","status":1,"origin_status":0,"status_desc":"","pic_url":"http://p1.meituan.net/xianfu/ec835936e14b8cbd48a54bc663f75ed952513.jpg","pic_url_square":"","avg_delivery_time":47,"shipping_fee":6.5,"shipping_fee_discount":0,"min_price":45.0,"new_promotion":0,"discounts2":[{"id":103,"type":24,"info":"有机会领取商家代金券","icon_url":"http://p0.meituan.net/xianfu/c2c0f31d0ebf0f60af115d058169c492992.png","use_icon_from_server":1,"display_code":2,"sequence":6},{"id":100,"type":20,"info":"实际支付128元返5元商家代金券","icon_url":"http://p0.meituan.net/xianfu/652eea4034250563fe11b02e3219ba8d981.png","use_icon_from_server":1,"display_code":2,"sequence":7},{"id":-2,"type":11,"info":"本店支持开发票，开票金额38元起","icon_url":"http://p0.meituan.net/xianfu/476ba65ee80b6385bab292c085baed17940.png","use_icon_from_server":1,"display_code":2,"sequence":52}],"shipping_time_info":{"in_shipping_time":1,"beg_shipping_time":"","status_content":"","desc_content":"","reservation_status":0},"month_sale_num":1277,"wm_poi_score":4.4,"shipping_time_x":"","pre_book":0,"brand_type":100005980,"sales":0,"priority":0,"wm_poi_opening_days":0,"buz_type":0,"across_book_offset_days":0,"across_book_max_days":0,"latitude":0,"longitude":0,"primitiveDistance":1.7976931348623157E308,"distance":"1.6km","poi_type_icon":"http://p1.meituan.net/aichequan/a88918ba8699e15a5d16d5d7e09ad0022192.png","ad_attr":"","shipping_fee_tip":"配送 ¥6.5","min_price_tip":"起送 ¥45","average_price_tip":"人均 ¥44","recommend_info":{"icon":"","recommend_reason":""},"support_pay":0,"invoice_support":0,"invoice_min_price":0,"charge_info":"","ad_type":0,"wm_poi_view_id":"485276468918040"}],"poi_has_next_page":true,"poi_total_num":3183,"page_index":1,"page_size":20,"has_activity":false,"remind_infos":[],"rank_strategy_tag":"RK4004,RK35,RK8004","rank_strategy_version":""},"code":0,"msg":"成功"}